Accuracy,Precision,Recall,F1
0.192,0.4341569200779727,0.3309823346588053,0.14117239950458624
0.89,0.8865381558514605,0.8548522555875498,0.8664308778743709
