Accuracy,Precision,Recall,F1,Inference Time
0.916,0.915580183764327,0.875811280223045,0.8905121652109605,97.86343754999962
0.928,0.9102193873233477,0.913741487270899,0.9118484383272981,77.1521692400006
