Accuracy,Precision,Recall,F1
0.416,0.26615382700374673,0.3391465560583207,0.24881046673642948
0.916,0.915580183764327,0.875811280223045,0.8905121652109605
